{
  "per_identity": {
    "hybrid_lp": {
      "id01": {
        "lse_c": 5.470548629760742,
        "lse_d": 14.070502281188965,
        "av_offset": 1.0,
        "csim": 0.9543348532170057
      },
      "id02": {
        "lse_c": 8.0156888961792,
        "lse_d": 14.593111038208008,
        "av_offset": 1.0,
        "csim": 0.8960813852692289
      },
      "id03": {
        "lse_c": 6.1596221923828125,
        "lse_d": 14.466477394104004,
        "av_offset": 1.0,
        "csim": 0.9547723756570902
      },
      "id04": {
        "lse_c": 5.834877014160156,
        "lse_d": 14.58377456665039,
        "av_offset": 0.0,
        "csim": 0.9214616609471185
      },
      "id05": {
        "lse_c": 7.1793437004089355,
        "lse_d": 14.041474342346191,
        "av_offset": 1.0,
        "csim": 0.9523607370709735
      },
      "id06": {
        "lse_c": 5.258156776428223,
        "lse_d": 13.979419708251953,
        "av_offset": 1.0,
        "csim": 0.9405184676205474
      },
      "id07": {
        "lse_c": 3.3888158798217773,
        "lse_d": 14.400017738342285,
        "av_offset": 0.0,
        "csim": 0.9549549921814885
      },
      "id08": {
        "lse_c": 5.380168914794922,
        "lse_d": 14.731454849243164,
        "av_offset": 1.0,
        "csim": 0.938200194455151
      },
      "id09": {
        "lse_c": 4.150221824645996,
        "lse_d": 14.086580276489258,
        "av_offset": 0.0,
        "csim": 0.953097380431635
      },
      "id10": {
        "lse_c": 5.923550605773926,
        "lse_d": 14.484041213989258,
        "av_offset": 1.0,
        "csim": 0.9409172503676798
      }
    },
    "lp_only": {
      "id01": {
        "lse_c": 0.6496458053588867,
        "lse_d": 14.91215705871582,
        "av_offset": -15.0,
        "csim": 0.9540081830539018
      },
      "id02": {
        "lse_c": 1.061807632446289,
        "lse_d": 14.632512092590332,
        "av_offset": 11.0,
        "csim": 0.8971157306520028
      },
      "id03": {
        "lse_c": 0.6588211059570312,
        "lse_d": 14.706811904907227,
        "av_offset": -9.0,
        "csim": 0.9507416971672709
      },
      "id04": {
        "lse_c": 0.8934183120727539,
        "lse_d": 15.185101509094238,
        "av_offset": -15.0,
        "csim": 0.910743013441007
      },
      "id05": {
        "lse_c": 0.5258541107177734,
        "lse_d": 15.008243560791016,
        "av_offset": 10.0,
        "csim": 0.9485752408736238
      },
      "id06": {
        "lse_c": 0.7386331558227539,
        "lse_d": 14.212759971618652,
        "av_offset": -15.0,
        "csim": 0.9407920885022566
      },
      "id07": {
        "lse_c": 0.6293458938598633,
        "lse_d": 14.561264038085938,
        "av_offset": 4.0,
        "csim": 0.8918578088204172
      },
      "id08": {
        "lse_c": 0.5524454116821289,
        "lse_d": 14.529423713684082,
        "av_offset": -7.0,
        "csim": 0.9268323483860763
      },
      "id09": {
        "lse_c": 0.9331426620483398,
        "lse_d": 14.231489181518555,
        "av_offset": -8.0,
        "csim": 0.9634344396280482
      },
      "id10": {
        "lse_c": 0.9896221160888672,
        "lse_d": 15.62741756439209,
        "av_offset": -15.0,
        "csim": 0.9513948962409445
      }
    },
    "wav2lip": {
      "id01": {
        "lse_c": 7.072509288787842,
        "lse_d": 14.442450523376465,
        "av_offset": -2.0,
        "csim": 0.8325452386455204
      },
      "id02": {
        "lse_c": 8.554677963256836,
        "lse_d": 14.748335838317871,
        "av_offset": -2.0,
        "csim": 0.7624731242576915
      },
      "id03": {
        "lse_c": 7.096037864685059,
        "lse_d": 14.404121398925781,
        "av_offset": -2.0,
        "csim": 0.8526224181993579
      },
      "id04": {
        "lse_c": 7.646002769470215,
        "lse_d": 14.53868579864502,
        "av_offset": -2.0,
        "csim": 0.7849658216178976
      },
      "id05": {
        "lse_c": 8.355422973632812,
        "lse_d": 14.807557106018066,
        "av_offset": -2.0,
        "csim": 0.852383932515161
      },
      "id06": {
        "lse_c": 7.3377790451049805,
        "lse_d": 14.48399829864502,
        "av_offset": -2.0,
        "csim": 0.8500808485380936
      },
      "id07": {
        "lse_c": 5.888369560241699,
        "lse_d": 15.07861042022705,
        "av_offset": -2.0,
        "csim": 0.82017492585712
      },
      "id08": {
        "lse_c": 6.705631256103516,
        "lse_d": 14.769899368286133,
        "av_offset": -2.0,
        "csim": 0.7672129657214266
      },
      "id09": {
        "lse_c": 6.8438825607299805,
        "lse_d": 14.409934043884277,
        "av_offset": -2.0,
        "csim": 0.8734143062767733
      },
      "id10": {
        "lse_c": 7.056629180908203,
        "lse_d": 14.914732933044434,
        "av_offset": -2.0,
        "csim": 0.8573314735050023
      }
    }
  },
  "aggregates": {
    "hybrid_lp": {
      "lse_c": {
        "mean": 5.676099443435669,
        "std": 1.2616706956476331
      },
      "lse_d": {
        "mean": 14.343685340881347,
        "std": 0.2594080071771325
      },
      "av_offset": {
        "mean": 0.7,
        "std": 0.45825756949558394
      },
      "csim": {
        "mean": 0.9406699297217918,
        "std": 0.018011297062850082
      }
    },
    "lp_only": {
      "lse_c": {
        "mean": 0.7632736206054688,
        "std": 0.18147486979039051
      },
      "lse_d": {
        "mean": 14.760718059539794,
        "std": 0.41333217685361934
      },
      "av_offset": {
        "mean": -5.9,
        "std": 9.914131328563284
      },
      "csim": {
        "mean": 0.933549544676555,
        "std": 0.024155325983285344
      }
    },
    "wav2lip": {
      "lse_c": {
        "mean": 7.255694246292114,
        "std": 0.7413669382878568
      },
      "lse_d": {
        "mean": 14.659832572937011,
        "std": 0.2242333186224788
      },
      "av_offset": {
        "mean": -2.0,
        "std": 0.0
      },
      "csim": {
        "mean": 0.8253205055134044,
        "std": 0.03802902527048227
      }
    }
  },
  "significance": {
    "hybrid_lp_vs_lp_only__lse_c": {
      "n": 10,
      "meanA": 5.676099443435669,
      "meanB": 0.7632736206054688,
      "p_value": 0.001953125,
      "significant": true
    },
    "hybrid_lp_vs_wav2lip__lse_c": {
      "n": 10,
      "meanA": 5.676099443435669,
      "meanB": 7.255694246292114,
      "p_value": 0.001953125,
      "significant": true
    },
    "hybrid_lp_vs_lp_only__csim": {
      "n": 10,
      "meanA": 0.9406699297217918,
      "meanB": 0.933549544676555,
      "p_value": 0.322265625,
      "significant": false
    },
    "hybrid_lp_vs_wav2lip__csim": {
      "n": 10,
      "meanA": 0.9406699297217918,
      "meanB": 0.8253205055134044,
      "p_value": 0.001953125,
      "significant": true
    }
  },
  "configs": [
    "hybrid_lp",
    "lp_only",
    "wav2lip"
  ],
  "n_identities": 10,
  "timestamp": "2026-05-28T21:53:41.616074+00:00"
}